split_seed,set,class,patient_id,file
1,train,AD,AD362,AD362_DARK_slice000.png
1,train,AD,AD362,AD362_DARK_slice001.png
1,train,AD,AD362,AD362_DARK_slice002.png
1,train,AD,AD362,AD362_DARK_slice003.png
1,train,AD,AD362,AD362_DARK_slice004.png
1,train,AD,AD362,AD362_LIGHT_slice000.png
1,train,AD,AD362,AD362_LIGHT_slice001.png
1,train,AD,AD362,AD362_LIGHT_slice002.png
1,train,AD,AD362,AD362_LIGHT_slice003.png
1,train,AD,AD362,AD362_LIGHT_slice004.png
1,train,AD,AD387,AD387_DARK_slice000.png
1,train,AD,AD387,AD387_DARK_slice001.png
1,train,AD,AD387,AD387_DARK_slice002.png
1,train,AD,AD387,AD387_DARK_slice003.png
1,train,AD,AD387,AD387_DARK_slice004.png
1,train,AD,AD387,AD387_LIGHT_slice000.png
1,train,AD,AD387,AD387_LIGHT_slice001.png
1,train,AD,AD387,AD387_LIGHT_slice002.png
1,train,AD,AD387,AD387_LIGHT_slice003.png
1,train,AD,AD387,AD387_LIGHT_slice004.png
1,train,AD,AD414,AD414_DARK_slice000.png
1,train,AD,AD414,AD414_DARK_slice001.png
1,train,AD,AD414,AD414_DARK_slice002.png
1,train,AD,AD414,AD414_DARK_slice003.png
1,train,AD,AD414,AD414_DARK_slice004.png
1,train,AD,AD414,AD414_LIGHT_slice000.png
1,train,AD,AD414,AD414_LIGHT_slice001.png
1,train,AD,AD414,AD414_LIGHT_slice002.png
1,train,AD,AD414,AD414_LIGHT_slice003.png
1,train,AD,AD414,AD414_LIGHT_slice004.png
1,train,AD,AD439,AD439_DARK_slice000.png
1,train,AD,AD439,AD439_DARK_slice001.png
1,train,AD,AD439,AD439_DARK_slice002.png
1,train,AD,AD439,AD439_DARK_slice003.png
1,train,AD,AD439,AD439_DARK_slice004.png
1,train,AD,AD439,AD439_LIGHT_slice000.png
1,train,AD,AD439,AD439_LIGHT_slice001.png
1,train,AD,AD439,AD439_LIGHT_slice002.png
1,train,AD,AD439,AD439_LIGHT_slice003.png
1,train,AD,AD439,AD439_LIGHT_slice004.png
1,train,AD,AD443,AD443_DARK_slice000.png
1,train,AD,AD443,AD443_DARK_slice001.png
1,train,AD,AD443,AD443_DARK_slice002.png
1,train,AD,AD443,AD443_DARK_slice003.png
1,train,AD,AD443,AD443_DARK_slice004.png
1,train,AD,AD443,AD443_LIGHT_slice000.png
1,train,AD,AD443,AD443_LIGHT_slice001.png
1,train,AD,AD443,AD443_LIGHT_slice002.png
1,train,AD,AD443,AD443_LIGHT_slice003.png
1,train,AD,AD459,AD459_DARK_slice000.png
1,train,AD,AD459,AD459_DARK_slice001.png
1,train,AD,AD459,AD459_DARK_slice002.png
1,train,AD,AD459,AD459_DARK_slice003.png
1,train,AD,AD459,AD459_DARK_slice004.png
1,train,AD,AD459,AD459_LIGHT_slice000.png
1,train,AD,AD459,AD459_LIGHT_slice001.png
1,train,AD,AD459,AD459_LIGHT_slice002.png
1,train,AD,AD459,AD459_LIGHT_slice003.png
1,train,AD,AD459,AD459_LIGHT_slice004.png
1,train,AD,AD508,AD508_DARK_slice000.png
1,train,AD,AD508,AD508_DARK_slice001.png
1,train,AD,AD508,AD508_DARK_slice002.png
1,train,AD,AD508,AD508_DARK_slice003.png
1,train,AD,AD508,AD508_DARK_slice004.png
1,train,AD,AD508,AD508_LIGHT_slice000.png
1,train,AD,AD508,AD508_LIGHT_slice001.png
1,train,AD,AD508,AD508_LIGHT_slice002.png
1,train,AD,AD508,AD508_LIGHT_slice003.png
1,train,AD,AD613,AD613_DARK_slice000.png
1,train,AD,AD613,AD613_DARK_slice001.png
1,train,AD,AD613,AD613_DARK_slice002.png
1,train,AD,AD613,AD613_DARK_slice003.png
1,train,AD,AD613,AD613_DARK_slice004.png
1,train,AD,AD613,AD613_LIGHT_slice000.png
1,train,AD,AD613,AD613_LIGHT_slice001.png
1,train,AD,AD613,AD613_LIGHT_slice002.png
1,train,AD,AD613,AD613_LIGHT_slice003.png
1,train,AD,AD613,AD613_LIGHT_slice004.png
1,train,AD,AD620,AD620_DARK_slice000.png
1,train,AD,AD620,AD620_DARK_slice001.png
1,train,AD,AD620,AD620_DARK_slice002.png
1,train,AD,AD620,AD620_DARK_slice003.png
1,train,AD,AD620,AD620_DARK_slice004.png
1,train,AD,AD620,AD620_LIGHT_slice000.png
1,train,AD,AD620,AD620_LIGHT_slice001.png
1,train,AD,AD620,AD620_LIGHT_slice002.png
1,train,AD,AD620,AD620_LIGHT_slice003.png
1,train,AD,AD620,AD620_LIGHT_slice004.png
1,train,AD,AD727,AD727_DARK_slice000.png
1,train,AD,AD727,AD727_DARK_slice001.png
1,train,AD,AD727,AD727_DARK_slice002.png
1,train,AD,AD727,AD727_DARK_slice003.png
1,train,AD,AD727,AD727_DARK_slice004.png
1,train,AD,AD727,AD727_LIGHT_slice000.png
1,train,AD,AD727,AD727_LIGHT_slice001.png
1,train,AD,AD727,AD727_LIGHT_slice002.png
1,train,AD,AD727,AD727_LIGHT_slice003.png
1,train,AD,AD727,AD727_LIGHT_slice004.png
1,train,CO,CO015,CO015_DARK_slice000.png
1,train,CO,CO015,CO015_DARK_slice001.png
1,train,CO,CO015,CO015_DARK_slice002.png
1,train,CO,CO015,CO015_DARK_slice003.png
1,train,CO,CO015,CO015_DARK_slice004.png
1,train,CO,CO015,CO015_LIGHT_slice000.png
1,train,CO,CO015,CO015_LIGHT_slice001.png
1,train,CO,CO015,CO015_LIGHT_slice002.png
1,train,CO,CO015,CO015_LIGHT_slice003.png
1,train,CO,CO015,CO015_LIGHT_slice004.png
1,train,CO,CO091,CO091_DARK_slice000.png
1,train,CO,CO091,CO091_DARK_slice001.png
1,train,CO,CO091,CO091_DARK_slice002.png
1,train,CO,CO091,CO091_DARK_slice003.png
1,train,CO,CO091,CO091_DARK_slice004.png
1,train,CO,CO091,CO091_LIGHT_slice000.png
1,train,CO,CO091,CO091_LIGHT_slice001.png
1,train,CO,CO091,CO091_LIGHT_slice002.png
1,train,CO,CO091,CO091_LIGHT_slice003.png
1,train,CO,CO091,CO091_LIGHT_slice004.png
1,train,CO,CO267,CO267_DARK_slice000.png
1,train,CO,CO267,CO267_DARK_slice001.png
1,train,CO,CO267,CO267_DARK_slice002.png
1,train,CO,CO267,CO267_DARK_slice003.png
1,train,CO,CO267,CO267_DARK_slice004.png
1,train,CO,CO267,CO267_LIGHT_slice000.png
1,train,CO,CO267,CO267_LIGHT_slice001.png
1,train,CO,CO267,CO267_LIGHT_slice002.png
1,train,CO,CO267,CO267_LIGHT_slice003.png
1,train,CO,CO267,CO267_LIGHT_slice004.png
1,train,CO,CO443,CO443_DARK_slice000.png
1,train,CO,CO443,CO443_DARK_slice001.png
1,train,CO,CO443,CO443_DARK_slice002.png
1,train,CO,CO443,CO443_DARK_slice003.png
1,train,CO,CO443,CO443_DARK_slice004.png
1,train,CO,CO443,CO443_LIGHT_slice000.png
1,train,CO,CO443,CO443_LIGHT_slice001.png
1,train,CO,CO443,CO443_LIGHT_slice002.png
1,train,CO,CO443,CO443_LIGHT_slice003.png
1,train,CO,CO443,CO443_LIGHT_slice004.png
1,train,CO,CO578,CO578_DARK_slice000.png
1,train,CO,CO578,CO578_DARK_slice001.png
1,train,CO,CO578,CO578_DARK_slice002.png
1,train,CO,CO578,CO578_DARK_slice003.png
1,train,CO,CO578,CO578_DARK_slice004.png
1,train,CO,CO578,CO578_LIGHT_slice000.png
1,train,CO,CO578,CO578_LIGHT_slice001.png
1,train,CO,CO578,CO578_LIGHT_slice002.png
1,train,CO,CO578,CO578_LIGHT_slice003.png
1,train,CO,CO578,CO578_LIGHT_slice004.png
1,train,CO,CO638,CO638_DARK_slice000.png
1,train,CO,CO638,CO638_DARK_slice001.png
1,train,CO,CO638,CO638_DARK_slice002.png
1,train,CO,CO638,CO638_DARK_slice003.png
1,train,CO,CO638,CO638_DARK_slice004.png
1,train,CO,CO638,CO638_LIGHT_slice000.png
1,train,CO,CO638,CO638_LIGHT_slice001.png
1,train,CO,CO638,CO638_LIGHT_slice002.png
1,train,CO,CO638,CO638_LIGHT_slice003.png
1,train,CO,CO787,CO787_DARK_slice000.png
1,train,CO,CO787,CO787_DARK_slice001.png
1,train,CO,CO787,CO787_DARK_slice002.png
1,train,CO,CO787,CO787_DARK_slice003.png
1,train,CO,CO787,CO787_DARK_slice004.png
1,train,CO,CO787,CO787_LIGHT_slice000.png
1,train,CO,CO787,CO787_LIGHT_slice001.png
1,train,CO,CO787,CO787_LIGHT_slice002.png
1,train,CO,CO787,CO787_LIGHT_slice003.png
1,train,CO,CO787,CO787_LIGHT_slice004.png
1,train,CO,CO839,CO839_DARK_slice000.png
1,train,CO,CO839,CO839_DARK_slice001.png
1,train,CO,CO839,CO839_DARK_slice002.png
1,train,CO,CO839,CO839_DARK_slice003.png
1,train,CO,CO839,CO839_DARK_slice004.png
1,train,CO,CO839,CO839_LIGHT_slice000.png
1,train,CO,CO839,CO839_LIGHT_slice001.png
1,train,CO,CO839,CO839_LIGHT_slice002.png
1,train,CO,CO839,CO839_LIGHT_slice003.png
1,train,CO,CO839,CO839_LIGHT_slice004.png
1,train,CO,CO949,CO949_DARK_slice000.png
1,train,CO,CO949,CO949_DARK_slice001.png
1,train,CO,CO949,CO949_DARK_slice002.png
1,train,CO,CO949,CO949_DARK_slice003.png
1,train,CO,CO949,CO949_DARK_slice004.png
1,train,CO,CO949,CO949_LIGHT_slice000.png
1,train,CO,CO949,CO949_LIGHT_slice001.png
1,train,CO,CO949,CO949_LIGHT_slice002.png
1,train,CO,CO949,CO949_LIGHT_slice003.png
1,train,CO,CO949,CO949_LIGHT_slice004.png
1,train,CO,CO952,CO952_DARK_slice000.png
1,train,CO,CO952,CO952_DARK_slice001.png
1,train,CO,CO952,CO952_DARK_slice002.png
1,train,CO,CO952,CO952_DARK_slice003.png
1,train,CO,CO952,CO952_DARK_slice004.png
1,train,CO,CO952,CO952_LIGHT_slice000.png
1,train,CO,CO952,CO952_LIGHT_slice001.png
1,train,CO,CO952,CO952_LIGHT_slice002.png
1,train,CO,CO952,CO952_LIGHT_slice003.png
1,train,CO,CO952,CO952_LIGHT_slice004.png
1,val,AD,AD057,AD057_DARK_slice000.png
1,val,AD,AD057,AD057_DARK_slice001.png
1,val,AD,AD057,AD057_DARK_slice002.png
1,val,AD,AD057,AD057_DARK_slice003.png
1,val,AD,AD057,AD057_DARK_slice004.png
1,val,AD,AD057,AD057_LIGHT_slice000.png
1,val,AD,AD057,AD057_LIGHT_slice001.png
1,val,AD,AD057,AD057_LIGHT_slice002.png
1,val,AD,AD057,AD057_LIGHT_slice003.png
1,val,AD,AD057,AD057_LIGHT_slice004.png
1,val,AD,AD647,AD647_DARK_slice000.png
1,val,AD,AD647,AD647_DARK_slice001.png
1,val,AD,AD647,AD647_DARK_slice002.png
1,val,AD,AD647,AD647_DARK_slice003.png
1,val,AD,AD647,AD647_DARK_slice004.png
1,val,AD,AD647,AD647_LIGHT_slice000.png
1,val,AD,AD647,AD647_LIGHT_slice001.png
1,val,AD,AD647,AD647_LIGHT_slice002.png
1,val,AD,AD647,AD647_LIGHT_slice003.png
1,val,AD,AD647,AD647_LIGHT_slice004.png
1,val,AD,AD786,AD786_DARK_slice000.png
1,val,AD,AD786,AD786_DARK_slice001.png
1,val,AD,AD786,AD786_DARK_slice002.png
1,val,AD,AD786,AD786_DARK_slice003.png
1,val,AD,AD786,AD786_DARK_slice004.png
1,val,AD,AD786,AD786_LIGHT_slice000.png
1,val,AD,AD786,AD786_LIGHT_slice001.png
1,val,AD,AD786,AD786_LIGHT_slice002.png
1,val,AD,AD786,AD786_LIGHT_slice003.png
1,val,AD,AD786,AD786_LIGHT_slice004.png
1,val,AD,AD807,AD807_DARK_slice000.png
1,val,AD,AD807,AD807_DARK_slice001.png
1,val,AD,AD807,AD807_DARK_slice002.png
1,val,AD,AD807,AD807_DARK_slice003.png
1,val,AD,AD807,AD807_DARK_slice004.png
1,val,AD,AD807,AD807_LIGHT_slice000.png
1,val,AD,AD807,AD807_LIGHT_slice001.png
1,val,AD,AD807,AD807_LIGHT_slice002.png
1,val,AD,AD807,AD807_LIGHT_slice003.png
1,val,AD,AD807,AD807_LIGHT_slice004.png
1,val,CO,CO100,CO100_DARK_slice000.png
1,val,CO,CO100,CO100_DARK_slice001.png
1,val,CO,CO100,CO100_DARK_slice002.png
1,val,CO,CO100,CO100_DARK_slice003.png
1,val,CO,CO100,CO100_DARK_slice004.png
1,val,CO,CO100,CO100_LIGHT_slice000.png
1,val,CO,CO100,CO100_LIGHT_slice001.png
1,val,CO,CO100,CO100_LIGHT_slice002.png
1,val,CO,CO100,CO100_LIGHT_slice003.png
1,val,CO,CO100,CO100_LIGHT_slice004.png
1,val,CO,CO127,CO127_DARK_slice000.png
1,val,CO,CO127,CO127_DARK_slice001.png
1,val,CO,CO127,CO127_DARK_slice002.png
1,val,CO,CO127,CO127_DARK_slice003.png
1,val,CO,CO127,CO127_DARK_slice004.png
1,val,CO,CO127,CO127_LIGHT_slice000.png
1,val,CO,CO127,CO127_LIGHT_slice001.png
1,val,CO,CO127,CO127_LIGHT_slice002.png
1,val,CO,CO127,CO127_LIGHT_slice003.png
1,val,CO,CO928,CO928_DARK_slice000.png
1,val,CO,CO928,CO928_DARK_slice001.png
1,val,CO,CO928,CO928_DARK_slice002.png
1,val,CO,CO928,CO928_DARK_slice003.png
1,val,CO,CO928,CO928_LIGHT_slice000.png
1,val,CO,CO928,CO928_LIGHT_slice001.png
1,val,CO,CO928,CO928_LIGHT_slice002.png
1,val,CO,CO928,CO928_LIGHT_slice003.png
1,val,CO,CO928,CO928_LIGHT_slice004.png
1,val,CO,CO942,CO942_DARK_slice000.png
1,val,CO,CO942,CO942_DARK_slice001.png
1,val,CO,CO942,CO942_DARK_slice002.png
1,val,CO,CO942,CO942_DARK_slice003.png
1,val,CO,CO942,CO942_DARK_slice004.png
1,val,CO,CO942,CO942_LIGHT_slice000.png
1,val,CO,CO942,CO942_LIGHT_slice001.png
1,val,CO,CO942,CO942_LIGHT_slice002.png
1,val,CO,CO942,CO942_LIGHT_slice003.png
1,val,CO,CO942,CO942_LIGHT_slice004.png
