method,preproc,dosage,runs,AUC,AUPR,Acc,BalAcc,F1,Sens,Spec,PPV,NPV,MCC,AUC 95% CI,collapsed runs
Zero-Shot,clahe,0,5,0.825 ± 0.135,0.888 ± 0.082,0.775 ± 0.056,0.775 ± 0.056,0.748 ± 0.083,0.700 ± 0.209,0.850 ± 0.224,0.883 ± 0.162,0.777 ± 0.137,0.601 ± 0.102,"[0.675, 0.950]",0
Tip-Adapter,clahe,0,5,0.825 ± 0.135,0.888 ± 0.082,0.775 ± 0.056,0.775 ± 0.056,0.775 ± 0.071,0.800 ± 0.209,0.750 ± 0.250,0.817 ± 0.171,0.843 ± 0.151,0.601 ± 0.102,"[0.675, 0.950]",0
Tip-Adapter-F,clahe,0,25,0.825 ± 0.124,0.888 ± 0.075,0.775 ± 0.051,0.775 ± 0.051,0.748 ± 0.076,0.700 ± 0.191,0.850 ± 0.204,0.883 ± 0.148,0.777 ± 0.125,0.601 ± 0.094,"[0.675, 0.950]",0
Tip-Adapter-F+SAM,clahe,0,25,0.825 ± 0.124,0.888 ± 0.075,0.775 ± 0.051,0.775 ± 0.051,0.748 ± 0.076,0.700 ± 0.191,0.850 ± 0.204,0.883 ± 0.148,0.777 ± 0.125,0.601 ± 0.094,"[0.662, 0.950]",0
TaskRes,clahe,0,25,0.825 ± 0.124,0.888 ± 0.075,0.775 ± 0.051,0.775 ± 0.051,0.775 ± 0.065,0.800 ± 0.191,0.750 ± 0.228,0.817 ± 0.156,0.843 ± 0.138,0.601 ± 0.094,"[0.675, 0.950]",0
TaskRes+SAM,clahe,0,25,0.825 ± 0.124,0.888 ± 0.075,0.775 ± 0.051,0.775 ± 0.051,0.775 ± 0.065,0.800 ± 0.191,0.750 ± 0.228,0.817 ± 0.156,0.843 ± 0.138,0.601 ± 0.094,"[0.675, 0.950]",0
Nearest Centroid,clahe,0,5,0.812 ± 0.140,0.876 ± 0.086,0.775 ± 0.056,0.775 ± 0.056,0.775 ± 0.071,0.800 ± 0.209,0.750 ± 0.250,0.817 ± 0.171,0.843 ± 0.151,0.601 ± 0.102,"[0.650, 0.938]",0
Proto-Adapter,clahe,0,25,0.812 ± 0.128,0.876 ± 0.078,0.800 ± 0.062,0.800 ± 0.062,0.793 ± 0.081,0.800 ± 0.191,0.800 ± 0.191,0.843 ± 0.138,0.843 ± 0.138,0.641 ± 0.115,"[0.662, 0.950]",0
CoOp,clahe,0,25,0.807 ± 0.120,0.873 ± 0.075,0.775 ± 0.062,0.775 ± 0.062,0.774 ± 0.068,0.790 ± 0.187,0.760 ± 0.245,0.826 ± 0.162,0.835 ± 0.134,0.601 ± 0.110,"[0.657, 0.943]",0
CLIP-Adapter,clahe,0,25,0.800 ± 0.117,0.868 ± 0.076,0.785 ± 0.085,0.785 ± 0.085,0.774 ± 0.096,0.760 ± 0.184,0.810 ± 0.195,0.843 ± 0.154,0.805 ± 0.140,0.607 ± 0.171,"[0.655, 0.925]",0
Tip-Adapter-F+SAM,raw,0,25,0.812 ± 0.107,0.878 ± 0.061,0.725 ± 0.125,0.725 ± 0.125,0.748 ± 0.076,0.800 ± 0.191,0.650 ± 0.382,0.783 ± 0.198,0.804 ± 0.126,0.486 ± 0.265,"[0.650, 0.950]",5
Tip-Adapter,raw,0,5,0.800 ± 0.120,0.866 ± 0.069,0.775 ± 0.105,0.775 ± 0.105,0.773 ± 0.125,0.800 ± 0.209,0.750 ± 0.177,0.777 ± 0.137,0.830 ± 0.172,0.577 ± 0.215,"[0.637, 0.938]",0
Zero-Shot,raw,0,5,0.800 ± 0.120,0.875 ± 0.066,0.725 ± 0.105,0.725 ± 0.105,0.729 ± 0.112,0.750 ± 0.177,0.700 ± 0.209,0.737 ± 0.157,0.763 ± 0.153,0.474 ± 0.221,"[0.625, 0.938]",0
Tip-Adapter-F,raw,0,25,0.800 ± 0.110,0.875 ± 0.061,0.725 ± 0.095,0.725 ± 0.095,0.729 ± 0.103,0.750 ± 0.161,0.700 ± 0.191,0.737 ± 0.143,0.763 ± 0.140,0.474 ± 0.201,"[0.637, 0.938]",0
TaskRes,raw,0,25,0.800 ± 0.110,0.866 ± 0.063,0.800 ± 0.062,0.800 ± 0.062,0.793 ± 0.081,0.800 ± 0.191,0.800 ± 0.191,0.843 ± 0.138,0.843 ± 0.138,0.641 ± 0.115,"[0.637, 0.925]",0
TaskRes+SAM,raw,0,25,0.800 ± 0.110,0.866 ± 0.063,0.775 ± 0.095,0.775 ± 0.095,0.739 ± 0.180,0.750 ± 0.280,0.800 ± 0.191,0.843 ± 0.138,0.824 ± 0.166,0.601 ± 0.159,"[0.637, 0.938]",0
Proto-Adapter,raw,0,25,0.787 ± 0.118,0.849 ± 0.080,0.725 ± 0.051,0.725 ± 0.051,0.718 ± 0.090,0.750 ± 0.228,0.700 ± 0.191,0.750 ± 0.132,0.803 ± 0.171,0.498 ± 0.126,"[0.625, 0.925]",0
Nearest Centroid,raw,0,5,0.787 ± 0.130,0.849 ± 0.087,0.725 ± 0.056,0.725 ± 0.056,0.718 ± 0.098,0.750 ± 0.250,0.700 ± 0.209,0.750 ± 0.144,0.803 ± 0.187,0.498 ± 0.138,"[0.637, 0.925]",0
CoOp,raw,0,25,0.772 ± 0.108,0.845 ± 0.072,0.725 ± 0.102,0.725 ± 0.102,0.720 ± 0.115,0.730 ± 0.190,0.720 ± 0.181,0.746 ± 0.146,0.759 ± 0.157,0.476 ± 0.216,"[0.610, 0.920]",0
CLIP-Adapter,raw,0,25,0.738 ± 0.183,0.827 ± 0.107,0.730 ± 0.112,0.730 ± 0.112,0.707 ± 0.163,0.710 ± 0.247,0.750 ± 0.204,0.768 ± 0.166,0.773 ± 0.168,0.496 ± 0.228,"[0.570, 0.873]",0
