method,level,AUC raw,AUC CLAHE,ΔAUC,splits improved,corrected t p,Wilcoxon p (splits),matched runs
CLIP-Adapter,slice,0.699 ± 0.106,0.746 ± 0.073,+0.0473,5/5,0.1983,0.0625,25
Tip-Adapter-F,slice,0.716 ± 0.074,0.761 ± 0.062,+0.0451,5/5,0.0219,0.0625,25
Zero-Shot,slice,0.717 ± 0.082,0.761 ± 0.068,+0.0448,5/5,0.1140,0.0625,5
CoOp,slice,0.713 ± 0.066,0.752 ± 0.060,+0.0390,5/5,0.2752,0.0625,25
Nearest Centroid,slice,0.732 ± 0.065,0.766 ± 0.061,+0.0334,5/5,0.2191,0.0625,5
TaskRes+SAM,slice,0.736 ± 0.059,0.768 ± 0.053,+0.0316,5/5,0.1748,0.0625,25
TaskRes,slice,0.735 ± 0.058,0.767 ± 0.053,+0.0315,5/5,0.1884,0.0625,25
Proto-Adapter,slice,0.734 ± 0.061,0.765 ± 0.056,+0.0311,5/5,0.1089,0.0625,25
Tip-Adapter,slice,0.736 ± 0.065,0.766 ± 0.059,+0.0298,4/5,0.3342,0.1250,5
Tip-Adapter-F+SAM,slice,0.736 ± 0.058,0.763 ± 0.059,+0.0266,4/5,0.2719,0.1875,25
CLIP-Adapter,patient,0.738 ± 0.183,0.800 ± 0.117,+0.0625,3/5,0.5448,0.2500,25
CoOp,patient,0.772 ± 0.108,0.807 ± 0.120,+0.0350,4/5,0.3604,0.1250,25
Nearest Centroid,patient,0.787 ± 0.130,0.812 ± 0.140,+0.0250,2/5,0.4525,0.5000,5
Proto-Adapter,patient,0.787 ± 0.118,0.812 ± 0.128,+0.0250,2/5,0.3165,0.5000,25
TaskRes,patient,0.800 ± 0.110,0.825 ± 0.124,+0.0250,2/5,0.3165,0.5000,25
TaskRes+SAM,patient,0.800 ± 0.110,0.825 ± 0.124,+0.0250,2/5,0.3165,0.5000,25
Tip-Adapter,patient,0.800 ± 0.120,0.825 ± 0.135,+0.0250,2/5,0.4525,0.5000,5
Tip-Adapter-F,patient,0.800 ± 0.110,0.825 ± 0.124,+0.0250,2/5,0.3165,0.5000,25
Zero-Shot,patient,0.800 ± 0.120,0.825 ± 0.135,+0.0250,2/5,0.4525,0.5000,5
Tip-Adapter-F+SAM,patient,0.812 ± 0.107,0.825 ± 0.124,+0.0125,1/5,0.5369,1.0000,25
