rule,method,dose,runs,AUC,AD_called_AD,CO_called_AD,collapsed,median_margin_AD,median_margin_CO
Pooled,Nearest Centroid [original pool],0,5,0.7657,0.6706,0.3662,0,0.1577,-0.045
Pooled,Nearest Centroid [original pool],500,5,0.7647,1.0,1.0,5,0.1698,0.1205
Pooled,Nearest Centroid [original pool],1000,5,0.7631,1.0,1.0,5,0.1904,0.1336
Pooled,Nearest Centroid [rescaled pool],0,5,0.7657,0.6706,0.3662,0,0.1577,-0.045
Pooled,Nearest Centroid [rescaled pool],500,5,0.765,1.0,0.9538,4,0.1499,0.0406
Pooled,Nearest Centroid [rescaled pool],1000,5,0.7648,0.9795,0.8291,2,0.1439,0.0275
Pooled,TaskRes+SAM [original pool],0,25,0.7677,0.6654,0.3558,0,0.1852,-0.0512
Pooled,TaskRes+SAM [original pool],500,25,0.7663,1.0,1.0,25,0.1862,0.1177
Pooled,TaskRes+SAM [original pool],1000,25,0.7663,1.0,1.0,25,0.2011,0.1282
Pooled,TaskRes+SAM [rescaled pool],0,25,0.7677,0.6654,0.3558,0,0.1852,-0.0512
Pooled,TaskRes+SAM [rescaled pool],500,25,0.7649,1.0,0.9641,20,0.1611,0.0457
Pooled,TaskRes+SAM [rescaled pool],1000,25,0.7646,0.9897,0.9022,10,0.1567,0.0351
Real,Nearest Centroid [original pool],0,5,0.7657,0.6706,0.3662,0,0.1577,-0.045
Real,Nearest Centroid [original pool],250,5,0.7655,0.6706,0.3662,0,0.1546,-0.0391
Real,Nearest Centroid [original pool],500,5,0.7648,0.6856,0.3663,0,0.1365,-0.0327
Real,Nearest Centroid [original pool],750,5,0.7617,0.6855,0.3663,0,0.1278,-0.038
Real,Nearest Centroid [original pool],1000,5,0.7633,0.6754,0.3715,0,0.1313,-0.0345
Real,Nearest Centroid [rescaled pool],0,5,0.7657,0.6706,0.3662,0,0.1577,-0.045
Real,Nearest Centroid [rescaled pool],250,5,0.7643,0.6708,0.3715,0,0.1407,-0.0369
Real,Nearest Centroid [rescaled pool],500,5,0.765,0.6708,0.3715,0,0.1408,-0.036
Real,Nearest Centroid [rescaled pool],750,5,0.7651,0.6708,0.3715,0,0.141,-0.0359
Real,Nearest Centroid [rescaled pool],1000,5,0.7648,0.6708,0.3715,0,0.1392,-0.0355
Real,TaskRes+SAM [original pool],0,25,0.7677,0.6654,0.3558,0,0.1852,-0.0512
Real,TaskRes+SAM [original pool],250,25,0.7673,0.6553,0.3611,0,0.1757,-0.0445
Real,TaskRes+SAM [original pool],500,25,0.7663,0.6856,0.361,0,0.1648,-0.0421
Real,TaskRes+SAM [original pool],750,25,0.7659,0.6856,0.3557,0,0.1543,-0.0405
Real,TaskRes+SAM [original pool],1000,25,0.7663,0.6856,0.3557,0,0.1583,-0.0428
Real,TaskRes+SAM [rescaled pool],0,25,0.7677,0.6654,0.3558,0,0.1852,-0.0512
Real,TaskRes+SAM [rescaled pool],250,25,0.7655,0.6656,0.361,0,0.1545,-0.0415
Real,TaskRes+SAM [rescaled pool],500,25,0.7649,0.6656,0.3661,0,0.1544,-0.0407
Real,TaskRes+SAM [rescaled pool],750,25,0.7647,0.6656,0.3661,0,0.155,-0.0399
Real,TaskRes+SAM [rescaled pool],1000,25,0.7646,0.6656,0.3661,0,0.1551,-0.0398
